Bag;DayPostInnoculum;NeukHighSSC (cells/mL);NeuksLowSSC (cells/mL);Peuks (cells/mL);Syn (cells/mL);Het. Bacteria (cells/mL);EhV;MPV;MOI;Ciliates (cells/mL);Thraustochytrids ddPCR;% infected Ehux;Nitrate (umolN/L);Chlorophyll (ug/L);DMS (pmol/mL);DMS std;DMSPd;DMSPt;DMSPt std;DMSPp;DMSPd std;PON (nmol/mL);
1;0;141;1690;18400;2030;;686;;0;;;;0.048;2.15;3.31;0.05;11.66;117.62;0.18;105.96;0.18;1.89;
1;1;120;1390;14800;9930;;62;;0;;;;1.329;2.21;4.07;0.33;8.32;59.97;1.51;51.65;1.51;1.66;
1;1.5;47.4;1470;17900;4340;;;;0;;;;;;;;;;;;;;
1;2;84.1;2120;21400;2870;;;;0;;235;;2.688;2.72;5.88;0.15;5.97;60.37;0.86;54.4;0.86;2.48;
1;2.5;86.6;2860;20400;31800;;;;0;;;;;;;;;;;;;;
1;3;278;4500;44900;16400;;;;0;;;;3.208;3.42;6.88;0.16;7.1;93.36;0.63;86.26;0.63;2.78;
1;3.5;140;4750;67600;5730;;;;0;;;;;;;;;;;;;;
1;4;279;6300;75000;5380;;;;0;;;;4.609;4.34;6.86;0.05;11.66;117.62;0.18;105.96;0.18;3.10;
1;4.5;483;4060;79200;5280;;;;0;;;;;;;;;;;;;;
1;5;183;8430;105000;4280;;0;;0;;;;4.755;6.23;6.95;0.01;13.69;127.36;0.32;113.67;0.32;3.72;
1;6;847;6630;92300;6380;196000;;179000;219;32.17;;;3.749;6.67;10.96;0.47;12.84;195.42;0.45;182.57;0.45;4.28;
1;6.5;290;5470;92600;27700;1550000;;1620000;4180;;;;;;;;;;;;;;
1;7;276;5050;88300;4070;2370000;;2550000;8350;65.89;;;3.722;7.17;19.63;0.21;37.42;189.62;6.31;152.2;6.31;4.67;
1;7.5;409;3150;37900;109000;2140000;;2440000;3480;;;;;;;;;;;;;;
1;8;439;8690;110000;6210;2600000;;2960000;3620;93.22;4533.33;;3.485;9.39;21.32;0.01;27.83;273.74;4.9;245.91;4.9;4.91;
1;8.5;907;9260;110000;15900;2650000;;3500000;2030;;;;;;;;;;;;;;
1;9;1410;13800;111000;8190;2980000;67;5440000;1880;117.74;;;0.809;12.39;21.16;0.66;18.09;519.58;22.25;501.49;22.25;5.61;
1;9.5;1850;9090;107000;10400;;;;0;;;;;;;;;;;;;;
1;10;7390;10800;112000;10900;3920000;80;7660000;698;39.25;;;0.023;10.71;35.11;1.44;24.99;405.01;4.2;380.02;4.2;8.37;
1;10.5;6670;4150;88800;38100;6990000;;15100000;2020;;;;;;;;;;;;;;
1;11;9900;6200;91500;20500;8020000;102;16200000;1460;42.73;;;0.037;6.63;48.91;1.31;9.19;286.14;15.11;276.95;15.11;5.43;
1;11.25;8750;7030;79500;16400;1950000;;3590000;384;;;;;;;;;;;;;;
1;11.5;11200;4510;72600;16500;7920000;;14500000;1160;;;;;;;;;;;;;;
1;12;5110;4050;64100;14100;8910000;374;18500000;2850;48.16;;;0.042;6.77;53.19;1.23;;296.1;8.51;296.1;8.51;5.32;
1;12.5;4460;4340;49900;13700;8010000;;19900000;4410;;;;;;;;;;;;;;
1;13;8260;5280;58900;13000;5930000;373;16300000;1920;97.79;;;0.079;7.41;47.63;1.45;4.05;87.64;1.39;83.59;1.39;6.33;
1;13.5;2130;4000;62000;18700;4970000;;14900000;8450;;;;;;;;;;;;;;
1;14;6380;6930;67400;11200;3040000;223;14600000;2350;110.84;;;0.591;8.92;36.78;0.02;11.39;322.18;6.48;310.79;6.48;6.61;
1;14.25;2610;4130;39000;7230;;;;0;;;;;;;;;;;;;;
1;14.5;4380;6030;45200;8450;2670000;;12200000;2530;;;;;;;;;;;;;;
1;15;10800;8250;37400;6560;2250000;147;10600000;891;72.40;;;0.093;15.01;30.67;0.26;8.64;393.2;12.94;384.56;12.94;7.19;
1;15.5;12300;9100;42200;10700;2770000;;13100000;1080;;;;;;;;;;;;;;
1;16;34300;11500;37200;10000;2330000;157000;10400000;309;59.06;32600;;0.047;22.49;30.54;1.11;6.06;526.06;14.95;520;14.95;11.39;
1;16.5;27700;11700;28700;8730;2930000;;9900000;388;;;;;;;;;;;;;;
1;17;83300;16400;30600;23800;2600000;29400;8540000;97;48.39;;;0.012;22.49;59.02;3.8;4.74;662.18;13.93;657.44;13.93;11.49;
1;17.5;98700;22100;28500;17400;4000000;;11700000;155;;;;;;;;;;;;;;
1;18;49000;22400;23400;16700;3990000;68700;10000000;304;80.48;;;0.011;25.34;70.44;2.12;;545.73;2.07;545.73;2.07;13.05;
1;18.5;36900;20700;22200;22900;3280000;;9080000;431;;;;;;;;;;;;;;
1;19;28100;17400;16300;17400;4030000;319000;11300000;585;109.95;;;0.032;23.39;47.41;0.38;9.34;714.94;14.99;705.6;14.99;12.14;
1;19.5;29900;24600;17300;23500;4500000;258000;6550000;540;;;;0.068;;56.31;0.78;6.11;551.95;3.5;545.84;3.5;10.43;
1;20;39000;18300;17300;18700;3870000;450000;9080000;331;239.19;16680;;0.135;17.41;66.13;2.46;41.4;541.97;5.55;500.57;5.55;11.04;
1;20.5;68200;18100;17400;18500;3990000;;5290000;175;;;;;;;;;;;;;;
1;21;38700;27400;19700;19000;4310000;689000;8370000;543;155.70;;;0.07;15.62;55.54;4.6;18.8;403.96;16.47;385.16;16.47;10.19;
1;21.25;18100;15700;15700;18500;;;;0;;;;;;;;;;;;;;
1;21.5;17400;12600;11700;40900;5400000;;6160000;865;;;;;;;;;;;;;;
1;22;21600;13600;14300;19500;3770000;654000;3910000;430;221.93;;;0.039;14.04;41.97;4.44;56.45;512.78;11.09;456.34;11.09;10.41;
1;22.5;33700;13200;14500;24200;3980000;894000;3930000;247;;;;0.054;13.09;29.98;0.71;54.17;568.52;13.86;514.34;13.86;10.60;
1;23;35500;15100;14500;23200;5260000;889000;4280000;317;126.50;88750;;0.029;10.94;23.56;0.19;18.24;511.02;10.01;492.78;10.01;10.01;
1;23.5;20600;12400;13100;27800;1500000;275000;1670000;111;;;;0.058;10.12;11.89;0.34;51.64;798.62;26.82;746.98;26.82;10.70;
1;24;11900;11000;13200;30500;4280000;;3890000;872;;;;;;;;;;;;;;
2;0;178;1325;18242;1806;;766;;0;;;;0.048;1.94;4.36;0.11;10.49;43.74;1.32;33.24;1.32;1.98;
2;1;97;1384;14855;4910;;69;;0;;;;1.42;2.27;4.55;0.16;8.21;64.4;1.23;56.19;1.23;1.98;
2;1.5;51;1251;15590;3160;;;;0;;;;;;;;;;;;;;
2;2;288;2172;23618;3540;;;;0;;470;;2.544;2.76;6.55;0.21;4.75;62.19;0.41;57.44;0.41;2.31;
2;2.5;73;2691;26280;19806;;;;0;;;;;;;;;;;;;;
2;3;215;3888;43297;9867;;;;0;;;;3.552;3.51;7.44;0.25;5.47;88.81;0.47;83.34;0.47;2.72;
2;3.5;258;3980;60048;4796;;;;0;;;;;;;;;;;;;;
2;4;250;4130;61465;4290;;;;0;;;;4.408;4.12;7.4;0.13;11.23;104.43;3.05;93.19;3.05;3.04;
2;4.5;87;6905;88781;4565;;;;0;;;;;;;;;;;;;;
2;5;116;3807;77679;4758;;;;0;;;;4.705;5.69;10.65;0.32;9.7;142.02;6.2;132.32;6.2;3.78;
2;6;173;12324;85117;5001;1647054;;1965734;12998;60.29;;;4.075;5.84;10.88;0.04;14.82;171.03;6.01;156.2;6.01;4.98;
2;6.5;665;4046;114161;10753;1969207;;1950461;1956;;;;;;;;;;;;;;
2;7;609;5318;103022;4955;2298849;;2397125;2820;92.76;;;4.075;7.47;13.86;0.11;14.68;181.32;0.29;166.64;0.29;3.91;
2;7.5;499;4840;93075;52329;2282211;;2558199;2842;;;;;;;;;;;;;;
2;8;349;8393;125126;6872;2537055;58;3508328;6456;75.54;7166.67;;3.387;9.09;11.41;0.08;20.6;262.91;5.84;242.31;5.84;5.20;
2;8.5;1150;8142;134814;12864;2377103;;3952077;1596;;;;;;;;;;;;;;
2;9;1802;11229;140015;10195;3509212;;6671574;1426;86.48;;;0.85;12.62;19.88;0.09;10.7;494.95;8.79;484.25;8.79;4.61;
2;9.5;3403;10829;140514;13938;;;;0;;;;;;;;;;;;;;
2;10;7056;5769;134990;13682;4085893;16;8234521;617;35.46;;;0.049;11.21;29.84;0.66;15.83;413.87;26.63;398.04;26.63;5.55;
2;10.5;6145;3565;101287;26408;8588404;;18771014;2117;;;;;;;;;;;;;;
2;11;8578;4609;99022;20196;5555222;;13636364;1144;45.35;;;0.055;7.04;46.24;0.76;;281.16;2.88;281.16;2.88;6.02;
2;11.25;6837;5357;79881;17057;8490624;;17292934;2330;;;;;;;;;;;;;;
2;11.5;12464;4470;86481;21577;8361058;;15833153;1125;;;;;;;;;;;;;;
2;12;5585;3771;79331;19100;7071269;150;15867634;2566;42.27;;;0.04;7.47;53.55;1.95;;313.84;8.03;313.84;8.03;5.55;
2;12.5;4515;4575;73063;20263;7149075;;21618607;4064;;;;;;;;;;;;;;
2;13;9075;5304;70764;14233;8170178;;24217871;2148;121.11;;0.8;0.048;7.31;42.6;1.97;;81.58;1.61;81.58;1.61;6.62;
2;13.5;3317;5488;61699;17075;4571852;;15764674;4285;;;;;;;;;;;;;;
2;14;4442;5790;47016;10901;3374660;552;13565560;2722;112.83;3640;0.23;0.579;9.06;39.68;1.83;15.51;282.93;22;267.42;22;6.32;
2;14.25;4730;6059;34508;8145;;;;0;;;;;;;;;;;;;;
2;14.5;6605;5661;34717;8774;2473681;;11378116;1552;;;;;;;;;;;;;;
2;15;10944;7705;26513;6042;2000885;18000;11004866;947;109.64;;0;0.048;14.31;36.56;2.21;22.12;380.28;28.11;358.16;28.11;7.54;
2;15.5;10807;7408;23322;7365;2461622;;10972030;1010;;;;;;;;;;;;;;
2;16;28378;9974;19817;7350;2039152;2730;9955139;316;64.86;7400;0;0.04;19.73;42.19;0.19;81.3;547.21;21.97;465.91;21.97;10.28;
2;16.5;35356;12748;16069;4547;2197802;;7830688;239;;;;;;;;;;;;;;
2;17;74483;13648;14393;22822;2877698;39200;9430627;121;37.67;;0.56;0.033;21.38;56.96;2.6;74.82;617.21;3.28;542.4;3.28;11.08;
2;17.5;88578;19077;13386;10379;3346451;;9526394;135;;;;;;;;;;;;;;
2;18;33167;15018;9405;8494;2973422;566000;7673874;354;60.92;53800;1.3;0.022;25.52;99.82;3.1;;413.55;17.1;413.55;17.1;11.93;
2;18.5;33001;14522;10001;12311;3544201;;7558800;433;;;;;;;;;;;;;;
2;19;27885;12649;9450;10935;3026676;1840000;8520134;492;105.95;;5.35;0.035;22.86;73.83;0.81;29.39;728.9;15.34;699.51;15.34;10.91;
2;19.5;22396;19327;9396;11817;2953165;1670000;4826562;593;;;;0.055;;40.61;0.94;116.85;563.76;24.75;446.91;24.75;10.05;
2;20;29214;17336;8075;10347;2770422;2990000;6067767;455;145.94;26600;10;0.069;13.53;92.79;3.92;37.87;539.42;16.78;501.55;16.78;8.53;
2;20.5;38763;21178;8408;9764;3497935;;7187424;353;;;;;;;;;;;;;;
2;21;22249;23268;10817;10475;3179667;2470000;6180884;1057;154.01;;6.7;0.057;11.28;65.58;0.16;49.92;368.37;6.02;318.45;6.02;8.55;
2;21.25;7939;12523;9516;10321;;;;0;;;;;;;;;;;;;;
2;21.5;9839;11391;8568;19515;3105481;;3609512;1292;;;;;;;;;;;;;;
2;22;14271;13649;11364;11560;4146029;1890000;4348472;924;103.8;;9.4;0.047;10.6;22.35;0.31;138.68;433.16;19.39;294.48;19.39;10.32;
2;22.5;15805;12089;8418;16316;5091136;3560000;2866368;546;;;;0.067;11.78;25.27;0.4;34.31;422.85;6.34;388.54;6.34;8.64;
2;23;19383;10663;8962;16916;4036136;4000000;3327311;488;73.07;294250;7.1;0.043;8.01;13.63;0.45;41.74;396.91;17.65;355.17;17.65;10.89;
2;23.5;10420;9939;8095;22156;5209466;421000;2300915;656;;;;0.046;7.8;22.16;0.07;130.76;445.02;25.57;314.26;25.57;8.64;
2;24;5471;6766;7675;21513;3517861;;2439942;1979;;;;;;;;;;;;;;
3;0;124;1422;18712;2200;;125;;0;;;;0.063;1.91;4.5;0.36;8.6;33.69;1.52;25.08;1.52;1.89;
3;1;125;1539;16188;3579;;39;;0;;;;1.317;2.01;4.44;0.08;6.62;60.81;1.55;54.19;1.55;1.75;
3;1.5;77;1658;18961;2703;;;;0;;;;;;;;;;;;;;
3;2;163;2422;24810;3026;;68;;0;;122;;2.446;2.75;6.18;0.09;5.04;60.66;0.21;55.62;0.21;2.19;
3;2.5;60;2561;28492;15423;;;;0;;;;;;;;;;;;;;
3;3;225;4448;44610;11094;;;;0;;;;3.491;3.49;5.1;0.11;;87.42;3.09;87.42;3.09;2.72;
3;3.5;297;4179;48692;119806;;;;0;;;;;;;;;;;;;;
3;4;342;5903;71275;4395;;28;;0;;;;4.217;4.54;5.33;0.07;12.36;114.23;0.13;101.87;0.13;3.01;
3;4.5;123;7565;99294;5295;;;;0;;;;;;;;;;;;;;
3;5;146;9846;109215;4685;;40;;0;;;;4.297;6.82;6.04;0.01;9.17;164;0.39;154.83;0.39;3.92;
3;6;1508;10685;89300;4989;1573610;9;1525605;962;39.75;;;3.343;7.74;12.16;0.13;12.38;196.85;3.29;184.47;3.29;4.48;
3;6.5;578;11363;85172;5413;1062594;;1380965;1614;;;;;;;;;;;;;;
3;7;359;13145;75877;3090;1094805;;1833920;3336;68.9;;;2.509;9.19;15.48;0.44;24.16;242.3;3.4;218.14;3.4;5.49;
3;7.5;598;6310;66791;17294;1550744;;2660335;2333;;;;;;;;;;;;;;
3;8;608;9511;80448;4107;2294158;;4076234;3248;97.48;3106.67;;1.526;9.86;27.11;0.48;63.91;318.84;7.43;254.92;7.43;5.02;
3;8.5;920;8401;65332;5797;1809132;;2274430;1290;;;;;;;;;;;;;;
3;9;1613;11534;55052;3637;3511205;;4721994;1248;121.52;;;0.182;11.58;27.41;0.23;20.32;462.94;10.19;442.62;10.19;6.43;
3;9.5;2176;13132;64229;6574;;;;0;;;;;;;;;;;;;;
3;10;7982;19265;68796;7265;3794786;24;6189688;517;56.23;;;0.046;10.6;37.81;0.31;16.7;457.77;18.09;441.07;18.09;6.96;
3;10.5;7391;10550;58568;11880;7201241;;11945368;1611;;;;;;;;;;;;;;
3;11;11663;9348;57591;9233;6527851;65;12910639;1123;39.26;;2.17;0.067;6.53;54.24;1.13;;285.16;2.34;285.16;2.34;6.08;
3;11.25;9875;14988;49225;8735;6754120;;13062702;1637;;;;;;;;;;;;;;
3;11.5;11455;7978;44309;8334;6669185;;11510603;1168;;;;;;;;;;;;;;
3;12;4397;5092;36659;6060;6634567;54;13155999;3446;66.94;;0;0.048;6.43;55.42;1.1;6.31;301.61;6.07;295.3;6.07;7.37;
3;12.5;4698;6054;38229;6954;5669929;;14450219;4010;;;;;;;;;;;;;;
3;13;7350;6390;37148;5002;868325;228;2596626;381;104.93;;0;0.048;7;51.08;0.76;2.75;85.83;3.19;83.08;3.19;5.80;
3;13.5;2338;5477;52260;5760;3177297;;10706006;5553;;;;;;;;;;;;;;
3;14;4018;7042;51899;5500;2118066;;9112608;2829;65.73;8550;0;0.544;9.09;38.43;0.68;16.53;97.02;1.59;80.49;1.59;5.73;
3;14.25;3531;5690;44847;5522;;;;0;;;;;;;;;;;;;;
3;14.5;3530;5609;51327;7144;2970578;;11001691;3485;;;;;;;;;;;;;;
3;15;14252;10036;50900;6918;3124894;149;12195204;949;43.04;;0;0.041;15.55;32.3;2.47;19.95;364.95;3.68;345.01;3.68;7.95;
3;15.5;12460;11082;56744;11618;3720456;;11629992;1052;;;;;;;;;;;;;;
3;16;24692;11593;60294;11999;3877309;6810;11598466;525;37.44;17800;0;0.072;21.34;29.64;0.48;49.69;569.86;13.91;520.17;13.91;9.05;
3;16.5;33779;12356;59499;7202;3899038;;9965137;413;;;;;;;;;;;;;;
3;17;81807;14607;71260;18337;3675987;1810;10082237;147;45.62;;0.07;0.046;21.01;29.22;0.44;73.79;654.87;5.12;581.08;5.12;10.73;
3;17.5;89592;16233;72614;22006;4508377;;11478084;199;;;;;;;;;;;;;;
3;18;38612;19217;54524;19053;3389304;41400;1921687;228;49.89;33400;0.3;0.006;24.1;47.65;1.16;14.65;541.6;41.97;526.95;41.97;12.28;
3;18.5;39343;22004;60337;24713;3670313;;10032746;506;;;;;;;;;;;;;;
3;19;22472;13878;44498;23928;3770825;95200;14400650;1094;201.69;;0.65;0.041;23.57;38.5;1.67;39.35;756.17;17.25;716.82;17.25;11.28;
3;19.5;25831;22046;29328;19967;3202343;156000;5751944;601;;;;0.021;;77.84;2.51;;589.58;60.16;530.02;;11.31;
3;20;41163;18827;23489;17647;3061940;173000;7954507;303;260.37;40800;1.55;0.051;16.42;51.62;2.46;26.56;664.3;1.64;637.74;1.64;11.33;
3;20.5;59977;15836;15669;14311;3421737;;8302983;253;;;;;;;;;;;;;;
3;21;28205;20347;13673;16706;2767147;248000;5217572;666;417.41;;5.41;0.049;12.86;49.18;0.23;88.18;476.46;0.29;388.29;0.29;10.97;
3;21.25;14182;10452;11545;21043;;;;0;;;;;;;;;;;;;;
3;21.5;15667;8348;9455;24686;5150041;;6828873;1301;;;;;;;;;;;;;;
3;22;22273;10276;11095;22852;4584434;208000;5104654;663;342.69;;4.18;0.099;12.72;22.47;0.55;31.34;562.22;7.38;530.88;7.38;9.64;
3;22.5;30314;10569;8056;25128;4604571;274000;4514924;350;;;;0.087;11.47;22.93;0.34;54.16;541.44;31.69;487.28;31.69;10.70;
3;23;37774;10085;7139;24916;3886842;382000;4295545;279;141.06;86750;1.32;0.06;10.47;24.78;0.67;27.53;495.47;30.72;467.94;30.72;8.94;
3;23.5;20898;14752;4997;27516;4993840;80200;2464066;410;;;;0.07;8.74;24.58;0.12;44.21;676.49;11.52;632.28;11.52;11.68;
3;24;8847;7661;4045;27223;5040992;;4561285;1466;;;;;;;;;;;;;;
4;0;148;1348;18543;2269;;296;;0;;;;0.042;2.03;4.55;0.03;9.76;47.37;0.34;37.61;0.34;1.48;
4;1;134;1450;15813;3470;;;;0;;;;1.19;2.25;4.38;0.03;7.02;55.59;1.87;48.57;1.87;1.95;
4;1.5;64;1397;16472;2580;;;;0;;;;;;;;;;;;;;
4;2;56;2293;22837;2804;;41;;0;;590;;2.196;2.75;6.16;0.21;12.21;61.74;0.17;49.53;0.17;2.31;
4;2.5;104;2556;30376;10697;;;;0;;;;;;;;;;;;;;
4;3;198;3468;41037;10560;;56;;0;;;;3.296;3.41;5.92;0.21;5.09;93.38;1.28;88.30;1.28;2.60;
4;3.5;183;4872;67868;5102;;;;0;;;;;;;;;;;;;;
4;4;289;5691;73164;4762;;;;0;;;;3.846;4.15;5.60;0.11;5.23;103.13;4.71;97.89;4.71;3.01;
4;4.5;103;9207;102128;5849;;;;0;;;;;;;;;;;;;;
4;5;146;8153;111345;4613;;53;;0;;;;4.005;6.48;6.16;0.01;7.52;157.12;0.56;149.60;0.56;3.78;
4;6;114;8796;96268;6351;1718785;;1426731;11308;28.29;;;3.101;6.73;10.55;0.30;11.77;186.21;2.39;174.43;2.39;3.95;
4;6.5;350;9538;97808;5745;1363996;;1351671;2648;;;;;;;;;;;;;;
4;7;602;10325;91910;4081;1420087;100;1496541;1727;62.06;;;2.546;8.79;13.86;0.33;22.08;235.07;1.71;212.99;1.71;5.26;
4;7.5;295;4415;83686;13294;1725704;;2288717;4343;;;;;;;;;;;;;;
4;8;485;6172;105410;4777;1890719;48;2447675;2910;67.43;1633.33;;1.865;9.8;23.02;0.23;25.74;311.24;2.55;285.51;2.55;4.96;
4;8.5;1174;5961;108064;7696;2676768;;255784;1086;;;;;;;;;;;;;;
4;9;1469;10507;102514;7383;4659097;20;9263735;2405;91.14;;;0.372;10.37;23.78;0.09;24.68;460.66;6.49;435.98;6.49;5.84;
4;9.5;2130;7749;94521;12462;;;;0;;;;;;;;;;;;;;
4;10;7555;10452;101989;11287;4026245;44;6032047;584;34.2;;;0.039;8.79;35.54;0.71;19.65;334.47;0.25;314.82;0.25;6.96;
4;10.5;6626;9132;72892;12896;7083246;;12631816;1594;;;;;;;;;;;;;;
4;11;9368;8161;81922;15557;9507314;117;16813124;1739;65.12;;1.06;0.052;7.04;44.64;1.55; ;292.54;15.83;277.25;15.83;5.84;
4;11.25;8163;12894;76722;14120;7550429;;13490323;1665;;;;;;;;;;;;;;
4;11.5;9495;7201;66761;12023;8002622;;12344999;1441;;;;;;;;;;;;;;
4;12;5642;6460;70348;10935;5067444;30;10850674;2167;71.23;;0.3;0.041;7.98;42.32;1.40;;275.91;4.12;275.91;4.12;6.67;
4;12.5;4313;6100;62216;7954;4839560;;15256367;3729;;;;;;;;;;;;;;
4;13;9507;9513;66354;6708;3791495;120;13065949;1306;133.13;;0.42;0.061;7.74;50.08;1.06;;74.55;8.93;74.55;8.93;5.32;
4;13.5;3060;7334;55843;5612;2231755;;10390857;3338;;;;;;;;;;;;;;
4;14;11483;11719;62502;5365;2305217;377;9697310;829;67.79;10340;0.59;0.212;9.93;37.08;1.74;13.15;237.39;26.55;224.24;26.55;6.02;
4;14.25;3463;6987;44338;5942;;;;0;;;;;;;;;;;;;;
4;14.5;3280;6330;50719;7246;2657324;;10817062;3285;;;;;;;;;;;;;;
4;15;14478;10311;58035;7584;953218;5230;2587885;173;58.53;;0.28;0.041;14.34;34.65;0.24;17.45;378.46;21.14;361.01;21.14;7.65;
4;15.5;15766;10228;70500;11101;2886472;;10728733;743;;;;;;;;;;;;;;
4;16;19734;10030;56654;11042;2901780;75300;10209211;548;69.68;15500;0.73;0.066;18.99;38.84;1.01;63.37;535.47;5.51;472.09;5.51;9.46;
4;16.5;35645;11149;42346;5878;2828502;;7680845;241;;;;;;;;;;;;;;
4;17;52084;9573;39173;15099;1935813;752000;4737433;136;54.45;;1.51;0.056;18.28;56.72;0.70;77.11;572.75;0.08;495.64;0.08;11.08;
4;17.5;65920;17662;27953;14466;3779080;;10077546;256;;;;;;;;;;;;;;
4;18;33195;19539;19938;14118;3947876;6300000;8236927;737;64.13;20380;23.22;0.036;18.92;116.03;0.72;14.73;344.50;21.81;329.77;21.81;10.27;
4;18.5;15865;16334;14120;18167;4421537;;10464582;1881;;;;;;;;;;;;;;
4;19;18832;18892;14165;18632;5310597;14200000;14307755;1932;115.21;;27.98;0.034;15.45;86.01;9.31;24.59;448.40;15.73;423.81;15.73;9.33;
4;19.5;9374;15642;9699;22514;4816740;8360000;5831927;2612;;;;0.036;;84.90;4.15;32.51;379.36;13.17;346.85;13.17;9.48;
4;20;12806;17532;9702;20105;6631487;10100000;10976062;1939;89.64;169200;17.41;0.038;9.19;65.41;4.01;3.07;476.98;22.54;473.92;22.54;9.21;
4;20.5;12256;15409;5461;23714;6324111;;7807844;2366;;;;;;;;;;;;;;
4;21;7330;14128;6527;24119;6809374;5960000;7848230;4926;98.15;;9.92;0.059;7.41;26.40;1.46;40.51;296.90;18.24;256.38;18.24;9.72;
4;21.25;3816;7887;5917;24902;;;;0;;;;;;;;;;;;;;
4;21.5;3476;7427;5570;27234;8147673;;6511659;9548;;;;;;;;;;;;;;
4;22;4563;9580;5854;26753;7118713;5480000;5742211;6666;80.05;;10.19;0.052;7.37;6.86;0.13;102.55;314.09;5.74;211.54;5.74;8.48;
4;22.5;4875;8733;3482;34625;5892512;2290000;5453622;3525;;;;0.044;7.06;7.21;0.63;39.20;351.59;1.48;312.39;1.48;7.96;
4;23;5828;10525;3723;38018;4630225;7640000;4020985;3312;48.1;175250;5.28;0.081;5.76;8.39;0.15;62.12;314.39;2.84;252.27;2.84;7.76;
4;23.5;2949;8798;3520;43643;2317544;826000;1488107;2418;;;;0.077;5.68;8.20;0.40;76.15;494.30;102.28;418.15;102.28;8.64;
4;24;1444;8325;3379;45585;1700295;;1750304;7658;;;;;;;;;;;;;;
5;0;154;1279;18682;2405;;53;;0;;;;0.046;1.5;4.40;0.25;11.44;54.38;0.67;42.94;0.67;1.81;
5;1;159;1142;14130;2112;;50;;0;;;;1.192;1.9;4.15;0.01;6.92;56.83;1.45;49.91;1.45;1.81;
5;1.5;47;1391;17049;2413;;;;0;;;;;;;;;;;;;;
5;2;60;2104;21216;3266;;46;;0;;345;;2.383;2.52;7.12;0.20;;66.40;1.96;66.40;1.96;2.16;
5;2.5;64;2071;25430;7408;;;;0;;;;;;;;;;;;;;
5;3;221;3604;46479;7931;;;;0;;;;3.326;3.26;11.92;0.43;3.95;88.50;0.12;84.54;0.12;3.04;
5;3.5;171;3459;67948;5020;;;;0;;;;;;;;;;;;;;
5;4;429;4577;77211;5209;;;;0;;;;3.955;4.3;11.03;0.13;3.09;107.44;3.80;104.35;3.80;3.01;
5;4.5;93;9483;133980;6072;;;;0;;;;;;;;;;;;;;
5;5;216;7539;148892;5892;;29;;0;;;;3.979;6.55;11.03;0.56;4.87;144.54;1.18;139.67;1.18;3.36;
5;6;311;7001;181459;7934;1852641;;2253938;5008;36.73;;;2.695;8.33;12.85;0.40;13.46;173.08;0.24;159.62;0.24;4.68;
5;6.5;193;4735;171270;13467;1668244;;2730382;6917;;;;;;;;;;;;;;
5;7;392;4389;144253;5519;2027533;10;3426197;4221;58.05;;;1.565;9.86;22.48;0.04;29.29;189.91;26.24;160.62;26.24;6.08;
5;7.5;358;2526;133977;15175;2120491;;3837002;4298;;;;;;;;;;;;;;
5;8;595;6267;135482;8211;2168921;;4532938;2909;;1733.33;;1.001;12.56;23.04;0.38;20.64;197.41;7.88;176.77;7.88;6.20;
5;8.5;803;5903;111286;11240;3254188;;5691169;3237;;;;;;;;;;;;;;
5;9;1788;14744;121714;12577;3279879;;8371167;1724;58.96;;;0.004;12.86;22.43;0.22;19.29;311.76;20.30;292.48;20.30;8.78;
5;9.5;1507;8229;124694;18595;;;;0;;;;;;;;;;;;;;
5;10;5387;9539;123233;18270;4254032;24;9429757;867;30.29;;;0.022;11.21;25.00;0.25;34.93;328.06;6.30;293.13;6.30;6.90;
5;10.5;4663;5818;101848;24700;6883646;;14726682;2451;;;;;;;;;;;;;;
5;11;9749;5426;101547;25191;7674344;42;19232749;1507;69.87;;;0.033;9.53;30.79;1.31;4.61;313.61;12.74;309.01;12.74;6.67;
5;11.25;5331;7093;89195;29023;7915966;;17037215;2672;;;;;;;;;;;;;;
5;11.5;7656;3957;87778;33854;7409448;;15298240;1605;;;;;;;;;;;;;;
5;12;4573;2321;85080;30355;7860103;;16957445;2806;47.11;;;0.033;9.8;37.96;0.07;0.74;314.07;2.66;313.32;2.66;7.22;
5;12.5;5507;1889;79302;31920;6130341;;19913379;2962;;;;;;;;;;;;;;
5;13;8216;2268;73209;27421;2116761;84;8304217;836;106.11;;;0.056;9.33;38.38;0.12;;82.52;2.01;82.52;2.01;5.97;
5;13.5;4921;3754;82400;26891;4257058;;17358272;3117;;;;;;;;;;;;;;
5;14;6978;3046;68950;17551;NA;70;;0;72.68;9510;;0.296;9.86;39.19;1.77;20.62;56.14;6.17;35.51;6.17;6.90;
5;14.25;2432;1785;50663;14842;;;;0;;;;;;;;;;;;;;
5;14.5;4800;2855;60758;14139;2871593;;12549472;2413;;;;;;;;;;;;;;
5;15;7232;3649;48284;10079;2055491;15;9402347;1240;83.07;;;0.037;14.48;36.90;1.44;25.57;301.87;33.73;276.30;33.73;8.22;
5;15.5;14013;5195;49462;10873;2280978;;11573395;835;;;;;;;;;;;;;;
5;16;19857;3413;26604;7365;1557915;2840;9306917;481;100.02;29800;;0.088;18.75;35.21;2.62;57.73;492.21;18.92;434.48;18.92;8.93;
5;16.5;14298;3292;13183;2633;1344606;;6869716;483;;;;;;;;;;;;;;
5;17;42256;5358;11276;5865;1176312;8270;7431044;189;79.42;;;0.085;23.03;50.97;0.64;63.13;375.70;3.15;312.58;3.15;8.85;
5;17.5;49234;8708;8236;5763;1390688;;9113096;270;;;;;;;;;;;;;;
5;18;43647;12601;7314;4828;1955704;366000;7572085;314;108.1;14260;;0.074;21.18;72.64;2.39;22.36;349.89;4.35;327.54;4.35;9.89;
5;18.5;19410;6018;4616;5260;1963821;;7806593;765;;;;;;;;;;;;;;
5;19;16363;6348;5544;5255;2124253;618000;9007804;812;61.44;;;0.034;18.01;71.47;5.73;38.72;479.00;6.39;440.28;6.39;8.32;
5;19.5;9697;7617;3486;4769;2023810;400000;3966450;902;;;;0.041;;79.44;1.02;;466.19;8.42;466.19;8.42;7.55;
5;20;23300;8914;6025;5048;2564923;851000;8413601;656;347.27;132800;;0.079;13.84;96.22;4.47;26.46;432.95;28.95;406.49;28.95;6.80;
5;20.5;28959;9410;5490;4480;2655985;;6705140;466;;;;;;;;;;;;;;
5;21;16341;10382;8144;4650;2151993;1350000;5229749;876;436.7;;;0.031;10.6;61.57;2.43;9.41;301.56;0.68;292.15;0.68;6.71;
5;21.25;4212;6257;5565;11254;;;;0;;;;;;;;;;;;;;
5;21.5;6387;5334;5424;4904;3606635;;5617558;2312;;;;;;;;;;;;;;
5;22;10416;5733;7252;4514;2549909;740000;3906070;945;253.51;;;0.042;9.93;28.60;0.01;66.08;319.59;5.12;253.50;5.12;7.80;
5;22.5;13963;6563;6566;5145;2794287;1100000;3314154;571;;;;0.071;9.79;23.29;1.26;22.31;351.73;0.14;329.43;0.14;7.37;
5;23;14083;7313;7167;4879;2754393;2110000;3261136;552;119.54;68250;;0.083;8.48;25.00;0.61;43.07;324.23;2.94;281.16;2.94;6.59;
5;23.5;5531;4801;4035;5183;;296000;;0;;;;0.045;7.9;21.93;0.31;18.60;379.58;18.14;360.98;18.14;7.76;
5;24;5107;6104;4664;5369;2222071;;3125551;2328;;;;;;;;;;;;;;
6;0;165;1552;19272;2254;;56;;0;;;;0.043;1.75;4.21;0.15;9.09;51.21;0.55;42.12;0.55;1.63;
6;1;193;1280;16348;2997;;33;;0;;;;1.336;2.09;4.22;0.02;7.06;58.74;0.22;51.67;0.22;1.63;
6;1.5;57;1290;15594;3066;;;;0;;;;;;;;;;;;;;
6;2;277;1896;22480;3652;;;;0;;450;;2.367;2.8;6.40;0.12;5.34;71.44;0.12;66.10;0.12;1.89;
6;2.5;104;2865;33150;7684;;;;0;;;;;;;;;;;;;;
6;3;410;3504;43877;7028;;;;0;;;;3.587;3.51;9.86;0.31;3.85;77.75;1.64;73.90;1.64;2.72;
6;3.5;157;3953;65109;7540;;;;0;;;;;;;;;;;;;;
6;4;229;6382;84684;5870;;;;0;;;;4.075;4.86;9.88;0.85;4.53;95.96;0.82;91.43;0.82;3.01;
6;4.5;177;7423;99570;5560;;;;0;;;;;;;;;;;;;;
6;5;216;8809;126684;5515;;;;0;;;;4.141;7.05;10.83;0.68;8.17;146.58;3.07;138.41;3.07;3.60;
6;6;345;12286;155270;5345;1466720;;1791932;3957;44.56;;;2.853;9.85;12.32;0.13;14.35;197.54;0.80;183.19;0.80;4.71;
6;6.5;746;9591;159810;5848;1458044;;2550764;1727;;;;;;;;;;;;;;
6;7;326;10260;128939;4586;1512236;18;2644579;4307;53.98;;;1.477;11.95;20.26;0.64;18.02;275.32;9.00;257.30;9.00;5.79;
6;7.5;475;4879;112870;7335;1719849;;3591137;3530;;;;;;;;;;;;;;
6;8;548;8485;113575;6088;2654098;15;5815417;4001;75.03;3083.33;;0.817;11.98;30.92;1.08;33.89;255.23;6.42;221.34;6.42;6.55;
6;8.5;944;7668;87577;8105;2435916;;5058332;2340;;;;;;;;;;;;;;
6;9;1345;10893;86238;7347;2853455;;6484374;2046;80.33;;;0.029;10.54;29.41;1.06;21.11;377.08;1.73;355.97;1.73;7.14;
6;9.5;1380;6552;75519;10367;;;;0;;;;;;;;;;;;;;
6;10;6428;11321;83515;10689;3165206;172;7076123;661;32.31;;;0.028;9.16;35.61;1.18;18.35;328.09;2.05;309.74;2.05;7.37;
6;10.5;4194;4487;63746;15142;7344702;;14260009;3019;;;;;;;;;;;;;;
6;11;10383;3255;70493;15288;6445176;48;16755645;1375;42.29;;;0.017;8.35;56.12;5.01;;262.53;10.01;262.53;10.01;6.78;
6;11.25;8825;4704;65725;17146;8458487;;16748603;2024;;;;;;;;;;;;;;
6;11.5;10452;3244;65591;19801;6927639;;13696067;1131;;;;;;;;;;;;;;
6;12;5314;2002;63915;17433;6801554;23;15475764;2840;40.47;;;0.049;8.15;40.98;0.76;8.99;258.37;6.22;249.38;6.22;7.45;
6;12.5;6474;2654;69086;18155;6195487;;18919376;3212;;;;;;;;;;;;;;
6;13;9143;2902;63030;16202;7715763;17;19918191;2366;70.15;;;0.03;8.85;44.06;1.31;0.61;75.84;0.89;75.24;0.89;7.03;
6;13.5;2503;3325;68364;17084;5243670;;15520113;6911;;;;;;;;;;;;;;
6;14;8211;5178;68606;14642;3412601;;14297207;1825;91.42;6900;;0.234;10.02;35.85;0.44;17.29;96.15;6.72;78.87;6.72;6.96;
6;14.25;2370;2876;43955;13246;;;;0;;;;;;;;;;;;;;
6;14.5;3254;2573;49725;14262;4654328;;13346489;4125;;;;;;;;;;;;;;
6;15;7793;3148;49105;15124;3527972;844;9070763;1237;63.6;;;0.055;14.81;34.45;2.64;5.70;293.80;0.92;288.10;0.92;8.22;
6;15.5;9347;2990;50259;20120;4564728;;14197287;1939;;;;;;;;;;;;;;
6;16;18531;3203;31518;14149;3915858;12200;13309061;814;70.52;23400;;0.044;18.85;30.13;0.79;87.09;368.91;17.33;281.82;17.33;8.93;
6;16.5;17020;3614;15949;4582;2485400;;7602879;503;;;;;;;;;;;;;;
6;17;49767;6104;13796;11214;3209449;99800;11909174;314;;;;0.045;19.93;27.61;0.19;;371.93;6.65;371.93;6.65;9.85;
6;17.5;50892;10174;10198;11915;3251723;;12721654;400;;;;;;;;;;;;;;
6;18;29338;11406;8108;9362;3385313;1340000;10245239;703;112.99;42285.71;;0.066;23.2;27.47;0.90;33.17;338.53;3.42;305.35;3.42;13.21;
6;18.5;13168;5932;5636;10923;4061326;;12330186;2128;;;;;;;;;;;;;;
6;19;16476;10795;5938;10233;4259910;1900000;12838200;1158;435.8;;;0.044;19.56;24.40;0.57;52.00;458.28;3.11;406.28;3.11;9.05;
6;19.5;8325;6294;4613;10745;3422819;924000;7354586;2303;;;;0.041;;33.38;1.83;53.14;412.51;4.56;359.36;4.56;8.81;
6;20;18272;9329;5415;10661;3563911;1110000;5471203;1183;400.76;70600;;0.06;14.58;25.99;0.99;48.48;371.22;20.26;322.74;20.26;9.12;
6;20.5;24762;10896;5774;10736;4012294;;6833058;631;;;;;;;;;;;;;;
6;21;11977;8690;5802;11239;4993910;2310000;8112058;1673;472.75;;;0.035;11.51;14.99;0.66;61.51;289.99;3.78;228.48;3.78;9.14;
6;21.25;5472;5109;5122;10577;;;;0;;;;;;;;;;;;;;
6;21.5;4619;5454;5593;10495;5742909;;6498342;4052;;;;;;;;;;;;;;
6;22;9714;6370;6695;11868;5208899;1240000;6112317;1509;276.84;;;0.039;11.61;8.81;1.28;24.25;302.08;1.90;277.83;1.90;8.58;
6;22.5;9397;6437;5697;13942;5070651;2200000;5387060;1237;;;;0.034;10.77;9.02;0.94;25.75;292.98;6.00;267.23;6.00;12.46;
6;23;10729;6530;6053;13485;5741938;2720000;4678014;1160;132.2;60750;;0.066;9.76;8.14;0.65;14.26;317.03;1.39;302.77;1.39;7.86;
6;23.5;4528;5055;4097;15567;4369599;309000;245944;0;;;;0.051;9.48;8.04;0.75;59.78;311.46;15.50;251.68;15.50;8.06;
6;24;3172;5692;4425;13763;4224707;;4249705;4024;;;;;;;;;;;;;;
7;0;170;1326;18358;2046;;66;;0;;;;0.041;1.84;3.87;0.11;3.71;51.38;1.31;47.67;1.31;1.66;
7;1;108;1292;16159;2876;;26;;0;;;;1.385;1.9;4.25;0.14;5.90;56.28;1.07;50.37;1.07;2.10;
7;1.5;50;1297;16734;2764;;;;0;;;;;;;;;;;;;;
7;2;93;2395;23207;3229;;240;;0;;0;;2.599;2.71;6.80;0.07;5.38;63.29;0.34;57.91;0.34;1.92;
7;2.5;143;2345;30441;7611;;;;0;;;;;;;;;;;;;;
7;3;371;3680;48658;6805;;;;0;;;;3.487;3.38;8.73;0.21;7.29;79.41;0.89;72.12;0.89;2.51;
7;3.5;184;3736;68660;5347;;;;0;;;;;;;;;;;;;;
7;4;180;5495;86396;5952;;664;;0;;;;4.173;4.46;11.43;0.18;2.75;102.47;3.36;99.72;3.36;2.81;
7;4.5;127;7298;113385;5326;;;;0;;;;;;;;;;;;;;
7;5;163;7779;127433;5613;;;;0;;;;4.35;6.26;10.92;0.06;9.03;157.31;3.15;148.29;3.15;3.16;
7;6;429;12043;159247;5784;1404358;9;1705648;3279;28.26;;;2.958;9.18;12.45;0.34;16.67;192.77;6.78;176.09;6.78;4.60;
7;6.5;393;11518;164286;5381;1258891;;2486738;3642;;;;;;;;;;;;;;
7;7;546;12336;142077;4258;1393836;170;3250114;3188;55.47;;;1.71;10.81;18.26;0.14;18.87;221.12;0.13;202.25;0.13;5.43;
7;7.5;683;5851;115893;6671;1457015;;3193222;2156;;;;;;;;;;;;;;
7;8;737;10461;97267;4427;2277776;40;5968895;3657;50.2;3091.67;;0.912;10.57;29.39;0.53;47.35;242.64;0.97;195.28;0.97;6.73;
7;8.5;757;6882;65852;5765;2045798;;604625;4564;;;;;;;;;;;;;;
7;9;1989;16568;74541;6178;2960011;186;6871687;1418;81.62;;;0.012;9.96;29.35;0.24;27.99;439.28;11.39;411.29;11.39;5.84;
7;9.5;1298;7749;60888;9252;;;;0;;;;;;;;;;;;;;
7;10;5150;10704;65066;9076;3866987;775;7755118;987;47;;;0.037;8.21;44.10;0.19;19.31;388.93;9.01;369.62;9.01;6.84;
7;10.5;4632;6397;45564;11578;7427414;;14284743;2877;;;;;;;;;;;;;;
7;11;7016;5689;48929;11731;6871721;2870;15416854;2150;64.8;;;0.021;6.09;53.45;4.08;28.95;249.95;9.06;221.00;9.06;;
7;11.25;4982;6163;44260;15086;7577969;;13928876;3359;;;;;;;;;;;;;;
7;11.5;9471;4690;43857;15427;6564044;;11573794;1681;;;;;;;;;;;;;;
7;12;5880;3868;39204;12411;6280160;8390;10676273;2021;52.44;;;0.044;5.59;68.67;0.62;;222.56;1.07;222.56;1.07;5.92;
7;12.5;5624;3711;33022;12969;6942149;;16509958;3534;;;;;;;;;;;;;;
7;13;7929;4770;38753;12872;2036511;41900;5014199;846;107.75;;;0.033;6.5;61.39;0.13;;78.02;10.78;78.02;10.78;8.14;
7;13.5;2586;4997;47610;13418;5430048;;13139376;6553;;;;;;;;;;;;;;
7;14;5667;5566;50047;11965;4187027;113000;12100702;2711;75.82;13180;;0.834;7.83;56.29;1.10;11.71;31.94;3.37;20.23;3.37;6.37;
7;14.25;2458;4828;42969;12824;;;;0;;;;;;;;;;;;;;
7;14.5;3662;3766;32275;11349;4234625;;14337578;4198;;;;;;;;;;;;;;
7;15;8365;5698;39417;15644;3929758;1740000;15889891;2138;42.3;;;0.193;10.84;47.94;1.21;;283.17;4.60;283.17;4.60;7.82;
7;15.5;12123;8490;47768;25765;4259127;;14896776;1744;;;;;;;;;;;;;;
7;16;11755;10469;50217;26227;3292086;9270000;13209138;1694;52.42;70800;26.4;0.203;11.45;43.91;0.32;97.22;302.33;14.60;205.11;14.60;7.52;
7;16.5;3581;10111;46583;24774;4040156;;11317353;7772;;;;;;;;;;;;;;
7;17;14914;17854;69108;50270;5486972;8510000;14928152;2428;43.07;;31.3;0.902;9.49;22.42;0.48;;297.83;12.97;297.83;12.97;7.39;
7;17.5;9148;18549;84482;91166;6233660;;17845381;4276;;;;;;;;;;;;;;
7;18;5876;19080;85927;70258;5105865;10500000;12395319;5617;41.31;237200;26.9;1.615;9.56;6.62;0.64;14.29;164.06;7.81;149.77;7.81;8.88;
7;18.5;3047;19680;117356;170194;6604315;;16166391;16079;;;;;;;;;;;;;;
7;19;1817;17059;93431;120477;5165214;15400000;17149807;21519;61.22;;27.4;0.743;9.7;5.34;0.94;20.05;298.82;1.29;278.78;1.29;8.18;
7;19.5;1091;11730;81870;192870;4761776;8230000;8989067;26029;;;;0.204;;7.13;1.32;;297.01;3.87;297.01;3.87;9.00;
7;20;2639;16714;76949;163316;3144166;10500000;7010035;13585;62.82;68250;14.2;0.133;8.62;7.07;1.03;44.62;295.41;4.64;250.79;4.64;6.61;
7;20.5;3173;14424;50608;180523;3564397;;11318380;9473;;;;;;;;;;;;;;
7;21;2511;15218;53033;193097;4363044;9940000;13846154;16766;61.32;;3.01;0.078;7.84;5.44;0.72;13.63;210.81;11.67;197.18;11.67;7.88;
7;21.25;1466;12357;39828;189799;;;;0;;;;;;;;;;;;;;
7;21.5;1074;11247;36384;191336;3586449;;6256001;19160;;;;;;;;;;;;;;
7;22;2161;11714;34101;210146;5042972;6820000;9355079;13904;63.09;;5.56;0.038;8.52;5.18;0.17;49.89;195.29;10.54;145.40;10.54;7.71;
7;22.5;2622;12759;30353;318248;4392167;6540000;7910755;7126;;;;0.038;8.38;5.83;0.03;23.54;181.28;1.10;157.74;1.10;9.03;
7;23;3291;13115;31123;358637;4894085;7090000;6594223;5818;31.92;;0;0.058;8.05;7.48;0.15;54.49;162.47;2.03;107.98;2.03;7.86;
7;23.5;2784;14546;40110;538005;4665472;1810000;3480848;4447;;;;0.051;7.33;6.46;0.03;38.61;386.39;65.39;347.78;65.39;8.84;
7;24;1607;13809;34053;531800;3108117;;3749740;8628;;;;;;;;;;;;;;
8;0;155;1831;20721;2950;;97;;0;;;;0.046;1.08;0.55;0.51;10.31;47.19;1.47;36.88;1.47;1.63;
8;1;104;1383;16003;2129;;;;0;;;;0.078;1.4;3.66;0.02;7.52;61.20;0.50;53.68;0.50;1.28;
8;1.5;105;724;15817;2063;;;;0;;;;;;;;;;;;;;
8;2;110;1399;19757;2408;;74;;0;;;;0.059;1.4;4.77;0.08;6.70;63.60;1.34;56.91;1.34;1.39;
8;2.5;143;1159;22439;8232;;;;0;;;;;;;;;;;;;;
8;3;161;1502;24757;5683;;;;0;;;;0.14;1.68;7.12;0.23;5.10;59.65;2.40;54.55;2.40;2.51;
8;3.5;220;1809;29081;3636;;;;0;;;;;;;;;;;;;;
8;4;153;1646;28380;3340;;;;0;;;;0.148;5.56;7.04;0.10;5.27;98.09;1.94;92.81;1.94;2.25;
8;4.5;175;1666;28062;2146;;;;0;;;;;;;;;;;;;;
8;5;126;1033;28664;3090;;;;0;;;;0.054;4.75;7.31;0.09;6.69;91.17;0.87;84.48;0.87;2.39;
8;6;110;1086;24024;2849;1114141;;548926;9649;32.18;;;0.019;4.98;11.40;0.22;2.46;84.82;2.79;82.35;2.79;2.69;
8;6.5;100;1159;24916;2535;995768;;382610;7355;;;;;;;;;;;;;;
8;7;40;961;21858;2315;1050785;313;539370;25879;43.01;;;0.069;4.59;10.72;0.01;13.99;68.57;2.90;54.58;2.90;2.15;
8;7.5;96;1128;19036;2901;882030;;520716;10852;;;;;;;;;;;;;;
8;8;97;1591;17329;1878;1148390;;689854;13848;32.92;;;0.08;5.62;11.05;0.47;16.82;107.99;5.32;91.17;5.32;1.27;
8;8.5;140;1033;11948;2260;1172572;;609837;7619;;;;;;;;;;;;;;
8;9;186;1074;10016;2943;670140;;439169;4363;18.93;;;0.026;3.03;10.44;0.61;14.55;172.77;2.83;158.22;2.83;2.32;
8;9.5;53;711;7690;3149;;;;0;;;;;;;;;;;;;;
8;10;220;1652;9385;4315;683403;73;462637;3917;14.18;;;0.062;1.68;11.53;0.81;11.09;97.46;1.98;86.37;1.98;2.09;
8;10.5;183;2142;7742;3894;1827805;;1652943;15639;;;;;;;;;;;;;;
8;11;88;1866;6673;5806;1002871;;863583;26874;21.53;;;0.039;1.59;5.03;0.29;17.18;108.30;46.50;91.11;46.50;2.21;
8;11.25;164;1678;5081;4895;2207259;;1539241;27818;;;;;;;;;;;;;;
8;11.5;;;;100;1709887;;1361426;0;;;;;;;;;;;;;;
8;12;150;1093;4809;6857;1314294;;865105;20965;18.07;;;0.056;1.4;11.15;0.34;16.66;139.75;6.02;123.08;6.02;1.50;
8;12.5;189;1024;4228;6638;1056374;;1178263;17969;;;;;;;;;;;;;;
8;13;162;1323;3713;4515;267459;;340403;8233;;;;0.091;3.91;9.26;0.18;15.34;49.48;10.22;34.13;10.22;1.85;
8;13.5;133;1211;3806;3265;754664;;769462;14159;;;;;;;;;;;;;;
8;14;160;1328;3681;3821;862772;91;776013;13599;45.31;74.67;;0.061;2.15;15.30;0.91;6.76;7.51;0.10;0.75;0.10;1.38;
8;14.25;27;601;3351;4531;;;;0;;;;;;;;;;;;;;
8;14.5;100;1022;3432;3599;962945;;699956;15229;;;;;;;;;;;;;;
8;15;67;865;2069;4691;803480;4230;587316;19126;31.91;;;0.08;1.21;13.53;1.64;21.56;33.07;2.09;11.51;2.09;2.26;
8;15.5;134;958;2547;5147;841834;;666960;10559;;;;;;;;;;;;;;
8;16;53;1378;1808;5884;635292;31700;532160;26898;94.97;966.67;;0.084;1.94;16.39;1.01;66.39;22.00;0.68;38.00;0.68;1.61;
8;16.5;10;342;859;1556;479707;;365878;102136;;;;;;;;;;;;;;
8;17;235;1196;979;8613;457438;64200;441101;4736;10.95;;;0.135;0.96;12.64;0.84;24.40;32.42;0.61;8.02;0.61;1.43;
8;17.5;311;1613;1305;11334;570110;;488666;5704;;;;;;;;;;;;;;
8;18;124;1487;1598;10636;612120;59500;489696;12182;19.77;1460;;0.175;1.82;21.83;1.62;101.83;22.70;2.01;44.00;2.01;1.40;
8;18.5;53;774;1536;21143;759313;;416397;24103;;;;;;;;;;;;;;
8;19;27;783;1004;13848;643847;51200;366748;45979;4.56;;;0.122;2.17;10.82;0.02;19.51;53.39;3.29;33.88;3.29;1.75;
8;19.5;17;606;1131;16441;626398;37200;223714;56476;;;;0.102;;8.76;1.57;;52.11;1.89;52.11;1.89;1.93;
8;20;86;1217;1313;14580;725624;55300;472755;19522;12.21;1646.67;;0.098;5.15;9.12;0.97;27.87;44.37;1.83;16.50;1.83;1.82;
8;20.5;170;1428;1661;11804;898907;;380618;8567;;;;;;;;;;;;;;
8;21;63;1371;1760;9572;1021794;18300;356817;21983;10.64;;;0.107;9.06;4.69;0.23;32.07;43.95;0.90;11.88;0.90;2.87;
8;21.25;30;1266;2126;10855;;;;0;;;;;;;;;;;;;;
8;21.5;10;1020;1669;8831;1299888;;479334;179244;;;;;;;;;;;;;;
8;22;80;1059;2145;10820;1848785;39800;399077;12977;8.4;;;0.19;6.19;5.45;0.17;33.39;43.86;0.14;10.48;0.14;1.88;
8;22.5;90;1116;2807;13804;1648340;49300;341036;10440;;;;0.065;5.68;5.52;0.51;89.35;36.88;2.01;42.00;2.01;1.96;
8;23;126;1267;3068;11097;1255861;18000;220183;4594;4.45;500;;0.089;5.25;6.03;0.13;73.32;32.62;0.76;38.00;0.76;2.07;
8;23.5;96;1214;3411;13876;2177113;31400;435423;14002;;;;0.095;4.52;5.80;0.09;63.82;65.42;4.90;1.60;4.90;2.07;
8;24;87;1344;5340;15001;2145709;;507763;18083;;;;;;;;;;;;;;
